mean_fit_time,std_fit_time,mean_score_time,std_score_time,param_model__border_count,param_model__depth,param_model__iterations,param_model__l2_leaf_reg,param_model__learning_rate,param_model__random_strength,param_model__subsample,params,split0_test_score,split1_test_score,split2_test_score,split3_test_score,split4_test_score,mean_test_score,std_test_score,rank_test_score,split0_train_score,split1_train_score,split2_train_score,split3_train_score,split4_train_score,mean_train_score,std_train_score,rank,train_auc,cv_auc,cv_std,gap,iterations,depth,learning_rate,l2_leaf_reg,random_strength,subsample,border_count
4.977124643325806,0.14083438115463087,0.04429903030395508,0.014861788906168292,128,7,1360,1.7324238895039272,0.043432168951637505,1.032833974654988,0.7837498258560773,"{'model__border_count': 128, 'model__depth': 7, 'model__iterations': 1360, 'model__l2_leaf_reg': np.float64(1.7324238895039272), 'model__learning_rate': np.float64(0.043432168951637505), 'model__random_strength': np.float64(1.032833974654988), 'model__subsample': np.float64(0.7837498258560773)}",0.8854010025062656,0.9081489956775999,0.8506864988558351,0.8841851004322401,0.8999491482329011,0.8856741491409682,0.019673951680003767,25,0.9994755911517925,0.9990341376907974,0.9989153841281905,0.9986976692634112,0.9990143454303629,0.999027425532911,0.0002539137797520228,25,0.999027425532911,0.8856741491409682,0.019673951680003767,0.11335327639194281,1360.0,7.0,0.043432168951637505,1.7324238895039272,1.032833974654988,0.7837498258560773,128.0
2.7095359802246093,0.0681896818169729,0.05477228164672852,0.01694068421763707,128,6,958,13.39433470675048,0.026471868808879737,1.5958573588141267,0.6561753482887408,"{'model__border_count': 128, 'model__depth': 6, 'model__iterations': 958, 'model__l2_leaf_reg': np.float64(13.39433470675048), 'model__learning_rate': np.float64(0.026471868808879737), 'model__random_strength': np.float64(1.5958573588141267), 'model__subsample': np.float64(0.6561753482887408)}",0.8927944862155388,0.9212433257055683,0.8683574879227053,0.9120264429188915,0.9154589371980676,0.9019761359921542,0.01933150479280067,10,0.9767829900839055,0.9739533852682247,0.983453670276775,0.9746381974792577,0.9754932231300273,0.976864293247638,0.00342739611771294,10,0.976864293247638,0.9019761359921542,0.01933150479280067,0.07488815725548381,958.0,6.0,0.026471868808879737,13.39433470675048,1.5958573588141267,0.6561753482887408,128.0
2.6987773418426513,0.05651942547757724,0.034216451644897464,0.0016516038250484002,64,7,913,1.8891200276189386,0.008277688526305602,0.20492680115417347,0.7412726728878614,"{'model__border_count': 64, 'model__depth': 7, 'model__iterations': 913, 'model__l2_leaf_reg': np.float64(1.8891200276189386), 'model__learning_rate': np.float64(0.008277688526305602), 'model__random_strength': np.float64(0.20492680115417347), 'model__subsample': np.float64(0.7412726728878614)}",0.8981829573934837,0.9213704551233155,0.8665776760742435,0.9110094075769133,0.9098652428171878,0.9014011477970287,0.01889848527211009,11,0.9836082506992119,0.9801206536196085,0.9864779276711635,0.9815259041104566,0.9839128507188549,0.9831291173638592,0.002176211572225594,11,0.9831291173638592,0.9014011477970287,0.01889848527211009,0.08172796956683048,913.0,7.0,0.008277688526305602,1.8891200276189386,0.20492680115417347,0.7412726728878614,64.0
5.153345346450806,0.4646580217911015,0.038970136642456056,0.0158299527570058,64,8,1247,1.0715314115595198,0.02142208110044553,0.47791624922363213,0.6639996989640846,"{'model__border_count': 64, 'model__depth': 8, 'model__iterations': 1247, 'model__l2_leaf_reg': np.float64(1.0715314115595198), 'model__learning_rate': np.float64(0.02142208110044553), 'model__random_strength': np.float64(0.47791624922363213), 'model__subsample': np.float64(0.6639996989640846)}",0.8800125313283208,0.911072972285787,0.8518306636155606,0.8876175947114162,0.9042715484363082,0.8869610620754786,0.020803341859601785,24,0.9993325705568268,0.9985432896320222,0.998741212236367,0.998515580467414,0.998709544619672,0.9987684395024605,0.00029566329954901704,24,0.9987684395024605,0.8869610620754786,0.020803341859601785,0.11180737742698188,1247.0,8.0,0.02142208110044553,1.0715314115595198,0.47791624922363213,0.6639996989640846,64.0
3.5627444267272947,0.08526225425895517,0.04249720573425293,0.01947734472160598,254,6,1375,4.666963767236923,0.02584093506411774,0.11992724522955164,0.8322634555704316,"{'model__border_count': 254, 'model__depth': 6, 'model__iterations': 1375, 'model__l2_leaf_reg': np.float64(4.666963767236923), 'model__learning_rate': np.float64(0.02584093506411774), 'model__random_strength': np.float64(0.11992724522955164), 'model__subsample': np.float64(0.8322634555704316)}",0.8910401002506266,0.910564454614798,0.8661962878210018,0.9055428426137807,0.914187643020595,0.8975062656641603,0.01752425305649147,14,0.9954392321383169,0.9933656343023625,0.9952538159478117,0.9932983406168852,0.9942800367344353,0.9943274119479621,0.0009033954794545087,14,0.9943274119479621,0.8975062656641603,0.01752425305649147,0.0968211462838019,1375.0,6.0,0.02584093506411774,4.666963767236923,0.11992724522955164,0.8322634555704316,254.0
1.0543910026550294,0.055380926432593965,0.032084417343139646,0.0038191211779662953,32,4,666,1.0405384007798952,0.06815441055023953,0.9057530099130391,0.7656249507619748,"{'model__border_count': 32, 'model__depth': 4, 'model__iterations': 666, 'model__l2_leaf_reg': np.float64(1.0405384007798952), 'model__learning_rate': np.float64(0.06815441055023953), 'model__random_strength': np.float64(0.9057530099130391), 'model__subsample': np.float64(0.7656249507619748)}",0.8795112781954886,0.9185100432240021,0.8528476989575388,0.8775743707093822,0.8921942537503179,0.8841275289673458,0.021400517541024115,27,0.9946724828375286,0.9927322819684591,0.9957486224586737,0.9937258534422698,0.9940544049654823,0.9941867291344828,0.0010020778477048246,27,0.9941867291344828,0.8841275289673458,0.021400517541024115,0.110059200167137,666.0,4.0,0.06815441055023953,1.0405384007798952,0.9057530099130391,0.7656249507619748,32.0
5.964145755767822,0.2668952296757598,0.03366403579711914,0.0052482752579522925,64,8,1397,7.766184280392884,0.01694206788051016,0.16119044727609197,0.7985530730333811,"{'model__border_count': 64, 'model__depth': 8, 'model__iterations': 1397, 'model__l2_leaf_reg': np.float64(7.766184280392884), 'model__learning_rate': np.float64(0.01694206788051016), 'model__random_strength': np.float64(0.16119044727609197), 'model__subsample': np.float64(0.7985530730333811)}",0.8929197994987469,0.9178108314263921,0.8595855580981439,0.9093567251461989,0.9069412662090006,0.8973228360756964,0.02049670958048423,15,0.9933098143910501,0.9914339096839572,0.9941414909113939,0.9933062575210589,0.9928272848185445,0.993003751465201,0.0008916478196411878,15,0.993003751465201,0.8973228360756964,0.02049670958048423,0.09568091538950463,1397.0,8.0,0.01694206788051016,7.766184280392884,0.16119044727609197,0.7985530730333811,64.0
1.960029935836792,0.2529611282837606,0.03709344863891602,0.005292822730833742,128,6,705,3.226870825623663,0.008287129380583217,1.9201554025285228,0.7775467623473734,"{'model__border_count': 128, 'model__depth': 6, 'model__iterations': 705, 'model__l2_leaf_reg': np.float64(3.226870825623663), 'model__learning_rate': np.float64(0.008287129380583217), 'model__random_strength': np.float64(1.9201554025285228), 'model__subsample': np.float64(0.7775467623473734)}",0.9009398496240602,0.9278540554284261,0.889715230104246,0.9135519959318585,0.9138062547673532,0.9091734771711888,0.012930692636675355,2,0.9498553902873124,0.9469765342960289,0.952906295522199,0.9493120210272976,0.9449498068275382,0.9488000095920752,0.002697654230806833,2,0.9488000095920752,0.9091734771711888,0.012930692636675355,0.03962653242088643,705.0,6.0,0.008287129380583217,3.226870825623663,1.9201554025285228,0.7775467623473734,128.0
2.4875930309295655,0.1326729090589432,0.036447000503540036,0.006989430208968412,64,5,1271,1.7398074711291718,0.07353028165154561,2.074566765675251,0.9318496824692568,"{'model__border_count': 64, 'model__depth': 5, 'model__iterations': 1271, 'model__l2_leaf_reg': np.float64(1.7398074711291718), 'model__learning_rate': np.float64(0.07353028165154561), 'model__random_strength': np.float64(2.074566765675251), 'model__subsample': np.float64(0.9318496824692568)}",0.8737468671679198,0.9057335367404017,0.8394991100940757,0.8713450292397661,0.9026188660055937,0.8785886818495513,0.024158647272509357,29,0.9994358632087464,0.9986462093862817,0.9988520488948002,0.9986580847425423,0.9987570460447147,0.998869850455417,0.00029266780230124484,29,0.998869850455417,0.8785886818495513,0.024158647272509357,0.12028116860586568,1271.0,5.0,0.07353028165154561,1.7398074711291718,2.074566765675251,0.9318496824692568,64.0
2.1249863624572756,0.09789533427709378,0.034967660903930664,0.0028719752289307053,64,7,769,8.834921226320052,0.012364150113555718,0.9314664173553301,0.8062502780077472,"{'model__border_count': 64, 'model__depth': 7, 'model__iterations': 769, 'model__l2_leaf_reg': np.float64(8.834921226320052), 'model__learning_rate': np.float64(0.012364150113555718), 'model__random_strength': np.float64(0.9314664173553301), 'model__subsample': np.float64(0.8062502780077472)}",0.8950501253132832,0.9270912789219424,0.8782735825069922,0.9129163488431222,0.9102466310704298,0.9047155933311538,0.016680031675795834,9,0.9606137172641749,0.9586816771169802,0.9695990879726393,0.9637366204319462,0.9643660143137627,0.9633994234199006,0.0037283006668529734,9,0.9633994234199006,0.9047155933311538,0.016680031675795834,0.05868383008874678,769.0,7.0,0.012364150113555718,8.834921226320052,0.9314664173553301,0.8062502780077472,64.0
5.626733207702637,0.2879288688928889,0.046327733993530275,0.015533958055712217,64,8,1219,9.381793717496219,0.022326676791358014,0.9928248308703834,0.9395765921792414,"{'model__border_count': 64, 'model__depth': 8, 'model__iterations': 1219, 'model__l2_leaf_reg': np.float64(9.381793717496219), 'model__learning_rate': np.float64(0.022326676791358014), 'model__random_strength': np.float64(0.9928248308703834), 'model__subsample': np.float64(0.9395765921792414)}",0.8919172932330827,0.9174294431731503,0.8513221459445716,0.9047800661072973,0.9084668192219679,0.8947831535360141,0.023225450428490033,17,0.9908069539791509,0.9890746722401673,0.9923997719931598,0.990796598897967,0.989391348407119,0.9904938691035128,0.0011875862002797652,17,0.9904938691035128,0.8947831535360141,0.023225450428490033,0.09571071556749866,1219.0,8.0,0.022326676791358014,9.381793717496219,0.9928248308703834,0.9395765921792414,64.0
4.529857635498047,0.23210448629604952,0.04401845932006836,0.009868016297901471,254,7,992,1.5252697030515172,0.04622867212183828,0.13386261584543913,0.9460660809801552,"{'model__border_count': 254, 'model__depth': 7, 'model__iterations': 992, 'model__l2_leaf_reg': np.float64(1.5252697030515172), 'model__learning_rate': np.float64(0.04622867212183828), 'model__random_strength': np.float64(0.13386261584543913), 'model__subsample': np.float64(0.9460660809801552)}",0.8833959899749373,0.9139969488939741,0.851576404780066,0.8907958301550979,0.906559877955759,0.8892650103519669,0.021762357541811883,23,0.9993961352657006,0.9988837165114953,0.9989826778136677,0.9985314142757616,0.998935176388625,0.9989458240510501,0.0002756245892145228,23,0.9989458240510501,0.8892650103519669,0.021762357541811883,0.10968081369908322,992.0,7.0,0.04622867212183828,1.5252697030515172,0.13386261584543913,0.9460660809801552,254.0
2.4346032619476317,0.04503944883112637,0.04944295883178711,0.02259166125009571,254,4,1147,1.0166803740022867,0.047960467239636484,1.5882886211970033,0.8687021504122963,"{'model__border_count': 254, 'model__depth': 4, 'model__iterations': 1147, 'model__l2_leaf_reg': np.float64(1.0166803740022867), 'model__learning_rate': np.float64(0.047960467239636484), 'model__random_strength': np.float64(1.5882886211970033), 'model__subsample': np.float64(0.8687021504122963)}",0.8869047619047619,0.9142512077294687,0.8560259344012204,0.891304347826087,0.9037630307653192,0.8904498565253715,0.019708116059865666,22,0.9979897660818713,0.9963146811070999,0.9977238900500348,0.9958000823358034,0.9974626322122997,0.9970582103574218,0.000849729889138958,22,0.9970582103574218,0.8904498565253715,0.019708116059865666,0.10660835383205036,1147.0,4.0,0.047960467239636484,1.0166803740022867,1.5882886211970033,0.8687021504122963,254.0
3.4369876861572264,0.22915752161215192,0.05804719924926758,0.036976582099599,32,6,1272,16.037816051594344,0.03040498972548762,3.584999041803884,0.9050115733369398,"{'model__border_count': 32, 'model__depth': 6, 'model__iterations': 1272, 'model__l2_leaf_reg': np.float64(16.037816051594344), 'model__learning_rate': np.float64(0.03040498972548762), 'model__random_strength': np.float64(3.584999041803884), 'model__subsample': np.float64(0.9050115733369398)}",0.8850250626566417,0.9215611492499366,0.8598398169336385,0.9031273836765829,0.9030002542588356,0.894510733355127,0.02083311797175285,18,0.9848358441393339,0.9830974095889543,0.986572930521249,0.9832517892203432,0.9813240230540249,0.983816399304781,0.0017711805245262484,18,0.983816399304781,0.894510733355127,0.02083311797175285,0.08930566594965406,1272.0,6.0,0.03040498972548762,16.037816051594344,3.584999041803884,0.9050115733369398,32.0
1.6417869567871093,0.08092524616461487,0.03578681945800781,0.0036433463575973593,254,5,532,1.2097379927033842,0.011842135666628744,0.3568426123255424,0.8688818535014192,"{'model__border_count': 254, 'model__depth': 5, 'model__iterations': 532, 'model__l2_leaf_reg': np.float64(1.2097379927033842), 'model__learning_rate': np.float64(0.011842135666628744), 'model__random_strength': np.float64(0.3568426123255424), 'model__subsample': np.float64(0.8688818535014192)}",0.8961152882205514,0.9272184083396898,0.8764937706585303,0.9155225019069413,0.9196542079837275,0.9070008354218881,0.018388327982206843,4,0.9634304284261379,0.959750459180442,0.969607004876813,0.9598375451263538,0.961163626575464,0.962757812837042,0.003673619813832522,4,0.962757812837042,0.9070008354218881,0.018388327982206843,0.05575697741515384,532.0,5.0,0.011842135666628744,1.2097379927033842,0.3568426123255424,0.8688818535014192,254.0
4.153795480728149,0.09257755746268632,0.04762711524963379,0.008355916485463832,254,6,1046,4.114961554691335,0.006965877385711506,1.6284765129487637,0.8782355145850692,"{'model__border_count': 254, 'model__depth': 6, 'model__iterations': 1046, 'model__l2_leaf_reg': np.float64(4.114961554691335), 'model__learning_rate': np.float64(0.006965877385711506), 'model__random_strength': np.float64(1.6284765129487637), 'model__subsample': np.float64(0.8782355145850692)}",0.9018170426065163,0.9263285024154589,0.881578947368421,0.9102466310704297,0.9148232901093314,0.9069588827140315,0.014956068989883624,5,0.9535898169336385,0.9509864462600545,0.9586618848565458,0.9527875419595923,0.9509587370954462,0.9533968854210555,0.002824306119557423,5,0.9533968854210555,0.9069588827140315,0.014956068989883624,0.04643800270702403,1046.0,6.0,0.006965877385711506,4.114961554691335,1.6284765129487637,0.8782355145850692,254.0
2.855854892730713,0.1916356923576552,0.052491044998168944,0.012855635138675655,64,6,892,8.406084208921575,0.006799795591229223,0.5577242632750958,0.7105157607006188,"{'model__border_count': 64, 'model__depth': 6, 'model__iterations': 892, 'model__l2_leaf_reg': np.float64(8.406084208921575), 'model__learning_rate': np.float64(0.006799795591229223), 'model__random_strength': np.float64(0.5577242632750958), 'model__subsample': np.float64(0.7105157607006188)}",0.8925438596491229,0.929252479023646,0.8846300533943554,0.9143147724383422,0.9089753368929571,0.9059433002796847,0.015851763989236607,8,0.9526125095347062,0.9510497814934448,0.9582620811957692,0.9528350433846349,0.9537969472417507,0.9537112725700612,0.0024403193168661924,8,0.9537112725700612,0.9059433002796847,0.015851763989236607,0.04776797229037644,892.0,6.0,0.006799795591229223,8.406084208921575,0.5577242632750958,0.7105157607006188,64.0
2.3940895080566404,0.08138392661769685,0.04505200386047363,0.008218259070432268,254,4,1063,5.405531655368525,0.03439179332538952,0.1724725409675437,0.8313252137833452,"{'model__border_count': 254, 'model__depth': 4, 'model__iterations': 1063, 'model__l2_leaf_reg': np.float64(5.405531655368525), 'model__learning_rate': np.float64(0.03439179332538952), 'model__random_strength': np.float64(0.1724725409675437), 'model__subsample': np.float64(0.8313252137833452)}",0.8896616541353384,0.9165395372489193,0.8681032290872108,0.9002034070683956,0.914187643020595,0.8977390941120917,0.017740427244202047,13,0.9860276824307145,0.9827569827094812,0.9869727341820256,0.9839405598834632,0.985848533789347,0.9851092985990062,0.0015337294370497754,13,0.9851092985990062,0.8977390941120917,0.017740427244202047,0.08737020448691446,1063.0,4.0,0.03439179332538952,5.405531655368525,0.1724725409675437,0.8313252137833452,254.0
3.4115665912628175,0.22615729520437036,0.053526115417480466,0.010024840907417943,128,6,1040,1.9846013217345069,0.006189606672462582,0.3106554858581908,0.6983663861762014,"{'model__border_count': 128, 'model__depth': 6, 'model__iterations': 1040, 'model__l2_leaf_reg': np.float64(1.9846013217345069), 'model__learning_rate': np.float64(0.006189606672462582), 'model__random_strength': np.float64(0.3106554858581908), 'model__subsample': np.float64(0.6983663861762014)}",0.8976817042606516,0.9267098906687008,0.8768751589117723,0.9163488431222986,0.9138062547673531,0.9062843703461553,0.017401044904977563,7,0.9688374014747012,0.9659018937234783,0.9745234023687377,0.96679254544303,0.9682888403318766,0.9688688166683648,0.0030141411005521293,7,0.9688688166683648,0.9062843703461553,0.017401044904977563,0.0625844463222095,1040.0,6.0,0.006189606672462582,1.9846013217345069,0.3106554858581908,0.6983663861762014,128.0
2.64637713432312,0.21154526908540097,0.041651010513305664,0.006612518874261178,64,5,1056,2.4245340796188315,0.006698811398837537,0.5965385870152046,0.7155321311650501,"{'model__border_count': 64, 'model__depth': 5, 'model__iterations': 1056, 'model__l2_leaf_reg': np.float64(2.4245340796188315), 'model__learning_rate': np.float64(0.006698811398837537), 'model__random_strength': np.float64(0.5965385870152046), 'model__subsample': np.float64(0.7155321311650501)}",0.8978070175438597,0.9300152555301295,0.8814518179506737,0.9102466310704297,0.9139333841851005,0.9066908212560387,0.016279170689372794,6,0.958746503941012,0.9566787003610108,0.964508518588891,0.9582818734562036,0.9586341756919374,0.9593699544078109,0.002674384831995273,6,0.9593699544078109,0.9066908212560387,0.016279170689372794,0.052679133151772195,1056.0,5.0,0.006698811398837537,2.4245340796188315,0.5965385870152046,0.7155321311650501,64.0
4.029432201385498,0.08946603604353888,0.041263914108276366,0.00631581602044057,254,6,1139,11.233209577485018,0.059975164090229405,0.34695916603302895,0.6830155773583031,"{'model__border_count': 254, 'model__depth': 6, 'model__iterations': 1139, 'model__l2_leaf_reg': np.float64(11.233209577485018), 'model__learning_rate': np.float64(0.059975164090229405), 'model__random_strength': np.float64(0.34695916603302895), 'model__subsample': np.float64(0.6830155773583031)}",0.8885338345864662,0.9099288075260615,0.8595855580981439,0.8988049834731758,0.9120264429188915,0.8937759253205477,0.019056490485513573,19,0.9960987159928808,0.9944185825574767,0.9965838558490088,0.9947708847932104,0.9956100766356324,0.9954964231656417,0.0008057704273947002,19,0.9954964231656417,0.8937759253205477,0.019056490485513573,0.10172049784509396,1139.0,6.0,0.059975164090229405,11.233209577485018,0.34695916603302895,0.6830155773583031,254.0
3.9146092414855955,0.11529600319445507,0.05717730522155762,0.03754433582238943,32,6,1457,1.001560125891382,0.013289394981126778,0.3294687403625162,0.6993967559428825,"{'model__border_count': 32, 'model__depth': 6, 'model__iterations': 1457, 'model__l2_leaf_reg': np.float64(1.001560125891382), 'model__learning_rate': np.float64(0.013289394981126778), 'model__random_strength': np.float64(0.3294687403625162), 'model__subsample': np.float64(0.6993967559428825)}",0.8845238095238095,0.9221967963386727,0.8609839816933639,0.8874904652936689,0.9028731248410883,0.8916136355381207,0.020334933903721566,21,0.9957054093567251,0.9935952245234024,0.9962078029007537,0.9952379821394641,0.9947748432452974,0.9951042524331285,0.0008924990264532954,21,0.9951042524331285,0.8916136355381207,0.020334933903721566,0.10349061689500783,1457.0,6.0,0.013289394981126778,1.001560125891382,0.3294687403625162,0.6993967559428825,32.0
2.081955814361572,0.04900390754293481,0.052536535263061526,0.025380115687842344,128,4,817,1.9452208847287389,0.006971115660907851,0.3746261155838959,0.9328729111737557,"{'model__border_count': 128, 'model__depth': 4, 'model__iterations': 817, 'model__l2_leaf_reg': np.float64(1.9452208847287389), 'model__learning_rate': np.float64(0.006971115660907851), 'model__random_strength': np.float64(0.3746261155838959), 'model__subsample': np.float64(0.9328729111737557)}",0.8972431077694236,0.9351004322400204,0.8909865242817188,0.9132341723874904,0.9158403254513094,0.9104809124259926,0.015477048462222457,1,0.9498752542588355,0.9464302679080372,0.9535277724998417,0.9473407118880233,0.9457850402178731,0.9485918093545221,0.0028328933010742918,1,0.9485918093545221,0.9104809124259926,0.015477048462222457,0.038110896928529536,817.0,4.0,0.006971115660907851,1.9452208847287389,0.3746261155838959,0.9328729111737557,128.0
2.4183950901031492,0.11967422610447165,0.046280288696289064,0.009392157393691548,64,4,1191,2.9723025905970037,0.07397964260767156,4.31687113842961,0.7255346887476093,"{'model__border_count': 64, 'model__depth': 4, 'model__iterations': 1191, 'model__l2_leaf_reg': np.float64(2.9723025905970037), 'model__learning_rate': np.float64(0.07397964260767156), 'model__random_strength': np.float64(4.31687113842961), 'model__subsample': np.float64(0.7255346887476093)}",0.8744987468671679,0.9129799135519959,0.8473811339944062,0.8618103229087212,0.8895245359776252,0.8772389306599834,0.02265123626732842,30,0.9981963513857107,0.9964928114510102,0.9977357654062956,0.9966788586990943,0.9972370004433466,0.9972681574770915,0.0006371195143947736,30,0.9972681574770915,0.8772389306599834,0.02265123626732842,0.12002922681710815,1191.0,4.0,0.07397964260767156,2.9723025905970037,4.31687113842961,0.7255346887476093,64.0
2.3543093681335447,0.4353362984042915,0.04664835929870605,0.016006310360478126,64,6,612,1.5583519107726722,0.07950039013469071,0.28395723653553434,0.9429844867497958,"{'model__border_count': 64, 'model__depth': 6, 'model__iterations': 612, 'model__l2_leaf_reg': np.float64(1.5583519107726722), 'model__learning_rate': np.float64(0.07950039013469071), 'model__random_strength': np.float64(0.28395723653553434), 'model__subsample': np.float64(0.9429844867497958)}",0.8823934837092732,0.911072972285787,0.8453470633104498,0.8806254767353165,0.906559877955759,0.8851997747993172,0.023420992466174365,26,0.9993087337909992,0.9984562036861107,0.9987174615238457,0.9984284945215024,0.9986541262904554,0.9987130039625827,0.00031789069903116003,26,0.9987130039625827,0.8851997747993172,0.023420992466174365,0.11351322916326545,612.0,6.0,0.07950039013469071,1.5583519107726722,0.28395723653553434,0.9429844867497958,64.0
7.912964105606079,0.36394655640441265,0.0384864330291748,0.003318485492303163,254,8,1235,15.194316258460729,0.009714741836499367,0.17626741740706342,0.7968358280832689,"{'model__border_count': 254, 'model__depth': 8, 'model__iterations': 1235, 'model__l2_leaf_reg': np.float64(15.194316258460729), 'model__learning_rate': np.float64(0.009714741836499367), 'model__random_strength': np.float64(0.17626741740706342), 'model__subsample': np.float64(0.7968358280832689)}",0.8900375939849624,0.9207348080345792,0.8618738876175946,0.9149504195270785,0.9125349605898805,0.9000263339508191,0.02174129277147882,12,0.9683447749809306,0.9673744378998037,0.9771636899106972,0.9656208436253088,0.9659652289568686,0.9688937950747217,0.004249464450570383,12,0.9688937950747217,0.9000263339508191,0.02174129277147882,0.06886746112390263,1235.0,8.0,0.009714741836499367,15.194316258460729,0.17626741740706342,0.7968358280832689,254.0
3.7816558361053465,0.1833857581621224,0.03521938323974609,0.002786096192351465,254,7,938,9.792418480265734,0.00966304761813496,1.7267033554444335,0.7603349398157759,"{'model__border_count': 254, 'model__depth': 7, 'model__iterations': 938, 'model__l2_leaf_reg': np.float64(9.792418480265734), 'model__learning_rate': np.float64(0.00966304761813496), 'model__random_strength': np.float64(1.7267033554444335), 'model__subsample': np.float64(0.7603349398157759)}",0.8990601503759399,0.9264556318332061,0.8832316297991355,0.9143147724383422,0.9130434782608696,0.9072211325414987,0.014807317592306048,3,0.9545989066870074,0.9527717081512445,0.9609102856419026,0.9524154474634239,0.9527004560136804,0.9546793607914518,0.0032097166113813414,3,0.9546793607914518,0.9072211325414987,0.014807317592306048,0.04745822824995305,938.0,7.0,0.00966304761813496,9.792418480265734,1.7267033554444335,0.7603349398157759,254.0
1.5986033439636231,0.06181139216912921,0.038997983932495116,0.004370801586281788,254,5,697,3.302802180351364,0.048089685555411106,2.271770315496017,0.6952152631896289,"{'model__border_count': 254, 'model__depth': 5, 'model__iterations': 697, 'model__l2_leaf_reg': np.float64(3.302802180351364), 'model__learning_rate': np.float64(0.048089685555411106), 'model__random_strength': np.float64(2.271770315496017), 'model__subsample': np.float64(0.6952152631896289)}",0.8941729323308272,0.9125985252987541,0.8592041698449021,0.8977879481311976,0.9130434782608696,0.8953614107733102,0.019618462039162465,16,0.9921179760996695,0.990262207866236,0.9934408448920135,0.9899494901513712,0.9927837418455887,0.9917108521709757,0.0013791797161943615,16,0.9917108521709757,0.8953614107733102,0.019618462039162465,0.09634944139766544,697.0,5.0,0.048089685555411106,3.302802180351364,2.271770315496017,0.6952152631896289,254.0
6.939630603790283,0.16267416848107574,0.04382781982421875,0.010040942910434874,128,8,1270,5.8717755107559615,0.03272192101274494,0.10670437436886865,0.8036279174897843,"{'model__border_count': 128, 'model__depth': 8, 'model__iterations': 1270, 'model__l2_leaf_reg': np.float64(5.8717755107559615), 'model__learning_rate': np.float64(0.03272192101274494), 'model__random_strength': np.float64(0.10670437436886865), 'model__subsample': np.float64(0.8036279174897843)}",0.8909147869674185,0.9134884312229851,0.8541189931350115,0.8991863717264175,0.9077040427154844,0.8930825251534635,0.020929895544493086,20,0.9981407322654462,0.9970469947431756,0.9980920260941162,0.9970113686743935,0.9978188929001203,0.9976220029354504,0.0004964425782761445,20,0.9976220029354504,0.8930825251534635,0.020929895544493086,0.10453947778198691,1270.0,8.0,0.03272192101274494,5.8717755107559615,0.10670437436886865,0.8036279174897843,128.0
5.166187953948975,0.11358854110563434,0.035262775421142575,0.009546636523789303,128,7,1363,1.333916294886967,0.06783797277289341,0.47365588583669027,0.805325405158244,"{'model__border_count': 128, 'model__depth': 7, 'model__iterations': 1363, 'model__l2_leaf_reg': np.float64(1.333916294886967), 'model__learning_rate': np.float64(0.06783797277289341), 'model__random_strength': np.float64(0.47365588583669027), 'model__subsample': np.float64(0.805325405158244)}",0.8798872180451127,0.9048436308161709,0.8519577930333079,0.8738876175947115,0.8943554538520212,0.8809863426682648,0.018122692946315314,28,0.9995232646834478,0.9992637279118374,0.9989391348407118,0.9988797580594084,0.9991410158971435,0.9991493802785099,0.00023230763118205019,28,0.9991493802785099,0.8809863426682648,0.018122692946315314,0.11816303761024505,1363.0,7.0,0.06783797277289341,1.333916294886967,0.47365588583669027,0.805325405158244,128.0
